"Date","AKS","AM","COG","CPE","D","DVN","EQT","ESV","FOXF","GIG","GPOR","HES","MTDR","PE","PRAH","QEP","SABR","SE","SPWH","SRC","SWN","SYRG","WGP","USO","SPY"
"2016-09-21",24092400,333100,6097900,4104500,2784400,4746400,1729000,13016900,2623500,545800,4135500,6456400,1717800,3003100,541100,5229700,2414400,3646900,242000,3215300,11557400,4235000,478400,43920000,108635400
"2016-09-20",6311200,490900,5479800,2926100,2431600,3887500,1754300,7900000,68500,471400,2436000,5156400,1258100,2214000,331400,3785500,2466800,3056600,253500,6106300,9942200,3484300,195800,43951700,69665300
"2016-09-19",10788200,433200,3497100,3015700,2133300,3869200,1075900,8438400,113400,297900,1819600,3652600,1492200,2807100,400100,3774700,3060900,4341800,384300,6308100,11667300,2855300,279400,45691100,80250500
"2016-09-16",11206900,645200,7010200,7111700,4744400,5589600,2310700,14007300,308300,583300,4663700,5518800,1990300,4957800,611400,6512900,2379300,9275200,840700,7492600,20161500,4978800,320000,38798500,155236400
"2016-09-15",12405400,350400,5422800,5171700,2145100,4470500,1193400,8653000,296800,990000,2118700,5591300,1371800,2086300,645000,4817500,2352600,4312800,340400,5089500,10241700,3229400,188000,37908400,134427900
"2016-09-14",16978100,426000,5446400,4135700,1812000,6536100,1459300,14427600,164900,392800,2755800,5682700,1225200,2257000,529800,4387600,4938000,5398000,321100,5607200,11937400,3409100,276800,53454200,134185500
"2016-09-13",14497400,848800,6149100,5897000,3079100,7034900,1338900,14272900,196700,542200,2561100,6418500,1472500,2467400,346100,5776700,3149600,7159200,537200,6776900,12209100,5372500,740700,38010200,182828800
"2016-09-12",10821700,413800,4075900,6015400,3193800,5414700,1260500,10065100,276500,717000,1990800,5132500,1169700,2205900,988100,4473900,2438300,9491500,283700,10993500,8603200,4854300,214000,26420400,168110900
"2016-09-09",13715000,269800,5718300,6691900,2994900,6411600,1618400,9859600,507300,862200,2257600,5185200,1301900,3253700,444800,3900700,2566900,8831800,339100,10034500,9891600,5472800,217300,28765500,221589100
"2016-09-08",11096100,546200,8842900,6137400,2603900,6448900,1197400,14734900,129600,985700,3808700,5192000,1940500,3713500,650700,5565600,2962500,18297000,243300,5666900,15602000,5763200,1579500,53504000,74102900
"2016-09-07",14671000,188700,6854200,22892800,1662500,4112800,966200,8727600,161100,888500,2943800,7258400,1696400,2420700,410700,3517300,2359800,24179000,188000,8741400,8078200,4168000,253700,31322200,76554900
"2016-09-06",17817300,225700,5509000,2508800,2477400,5178800,853200,8544300,220100,663300,6793000,11155600,1041600,2994500,910300,2313400,2165400,64012800,240400,4469100,9766600,2816900,365500,33582000,56702100
"2016-09-02",7281300,158500,4385500,2370500,1794900,5105900,1023200,6022000,155600,301200,2294000,3916900,1205800,2904000,233300,3337700,1767800,2433000,126900,4073700,6314700,3185700,305700,36936700,79293900
"2016-09-01",8875500,96300,5155700,3091900,2144200,6026800,1146400,9472000,183900,247500,2145100,3776700,1079600,2917300,526400,4255700,2292200,2605200,363800,3131100,8627000,5086300,192300,59001400,97844200
"2016-08-31",10924000,191100,7187500,3286700,3448800,6948600,1248100,5578300,245000,280200,3834100,3555400,1258500,2729500,335200,4644800,1514400,3251800,472100,3921800,8598400,7424000,113700,30406800,85269500
"2016-08-30",10911600,249800,7326500,2372100,2415500,5286700,1361100,5501800,380800,340500,4213900,1904700,1730700,2365100,371900,4110700,2247100,2229800,344800,6408800,6160800,6029500,225400,27172900,58114500
"2016-08-29",7291200,134800,5414200,1985500,3758900,5571300,1137000,4564400,281700,318000,2520100,2323900,1075100,1933300,544400,4077900,1710500,2917400,204000,4009300,7134500,9648400,133500,24748400,70502200
"2016-08-26",11237600,238700,5259700,3149900,3243700,4760500,1626800,7467100,272600,222200,3546400,2616400,1433100,1711200,524600,4583100,1939800,3044700,362500,5509500,16901700,2670800,293400,26251700,122506300
"2016-08-25",8166200,122400,4476700,3047500,2193300,4122700,987100,6821100,260600,319100,1745500,3464300,1573000,2180500,631100,2847600,2744500,3079300,426000,5121200,6258500,3828200,302800,23309300,69224800
"2016-08-24",9460800,307400,3303500,2775400,2155400,4770200,1660600,7148200,328200,263100,2188900,3289200,2163800,2634000,711700,3585800,4371200,3173600,442900,6896200,7733900,5088800,313300,29656300,71728900
"2016-08-23",8753300,226800,2881200,2691400,2095600,5730900,2135700,5528100,200000,201400,2453400,2289200,1674200,2671400,880500,2287300,2113700,3566700,615300,2316900,8022400,4716800,373400,47220800,53399200
"2016-08-22",9269600,232600,3785800,2635500,2308200,4682800,1756100,8385600,72100,189500,2589700,4498500,1434600,1619900,742600,2602300,1908300,3907600,584700,2726300,9794800,2315000,480800,24835600,61368800
"2016-08-19",22239200,212500,5255100,2418300,3134500,4460600,1920200,8882000,257900,324100,1846800,2887400,1750700,3147600,299400,3033700,1892400,4549900,1476900,2968500,11085600,3809500,214400,30368300,75443000
"2016-08-18",6450300,218900,7229700,2855200,4116000,6775400,1661300,5836200,136600,131100,3860300,3320100,1257000,3829700,716700,3786900,1726800,3459300,963100,5688500,14604100,3476300,569200,58642700,52989300
"2016-08-17",7274700,154800,3152200,3164400,4822000,7074400,1785900,8350900,177300,399200,3165500,2609600,1344100,2982100,551400,4591000,1873500,3160300,434100,3175000,10448100,5351200,322300,33277200,75134300
"2016-08-16",10911100,565800,4095600,2979500,4912900,7562300,2011400,5667700,226400,380200,2825300,3076300,1042700,8797900,1099500,4848700,3104200,3100500,585900,4083000,6710500,4507400,418100,33678500,53213600
"2016-08-15",10745800,424000,3861700,3116800,1978700,3928800,1579600,5929700,222000,335300,1862000,4474600,1154600,2594900,1633900,3435300,3036200,3114000,576800,3173900,9975400,5067100,184400,33545200,49813500
"2016-08-12",12594100,317600,3882000,4000900,3452700,4589800,1339300,5351300,169900,419300,1427500,3270200,1257500,2766600,632300,2462200,3878400,2513900,620500,3404800,8561800,3478800,265500,31795400,61313500
"2016-08-11",14005900,149600,5268700,5913400,3495100,7407000,1192400,6503000,195900,306600,1539800,3961300,1278600,3103500,382300,3775700,2720100,2899900,803500,2268300,9230000,3858500,228900,31426700,72504300
"2016-08-10",13994400,130100,5685400,4982700,5318400,4835300,1567200,7897900,300500,568900,3644600,3443700,1583900,2824400,302500,2853300,2318900,2710100,206400,3036900,13260100,5371100,377200,30805100,57941100
"2016-08-09",14042400,136400,5897900,6723800,7438500,4908000,1107100,5213000,1613100,358700,2217200,2664400,1889700,3024900,482100,3957400,3821900,3119700,445100,6420400,10589600,8103200,291600,25557700,51251700
"2016-08-08",8595400,537700,5038700,4459600,2588700,9180300,1580800,9088000,247400,493500,3972000,3595200,1484600,3247700,471200,3221000,5122900,3006100,156700,6481300,9956800,6653400,140400,28890900,39906500
"2016-08-05",5684700,356500,3785700,3850300,2437400,6639500,1671800,8339200,310700,904100,5784700,3479600,1635300,3519400,330600,4259100,1957100,4369300,563200,6429300,10179200,9068800,127900,30849000,71892200
"2016-08-04",8521200,247400,5710900,3294000,2221600,9601100,1797200,8141000,324600,557300,7343400,5349900,4633900,10357100,554500,4547100,3452400,3856100,314100,9663300,13277600,4512100,169600,30240600,46585500
"2016-08-03",12967800,521700,6285300,4572000,2761900,11775400,1418800,8981600,65500,838500,1913000,6177000,1900800,3265200,732400,4533300,3987700,6660000,574700,5383200,11546500,4909100,100400,36429700,53993600
"2016-08-02",9399200,436500,5258600,2858900,2628300,9254100,1792400,6080200,182600,355200,1463600,4733200,2461900,2900400,541100,6340200,17982800,4278800,358000,8077900,9420700,4128700,200000,30293900,92295500
"2016-08-01",11465700,474100,7873800,3147600,1771400,8791900,1971700,10156000,89200,528600,1940800,5623200,1469300,2152500,1060200,5126100,3374300,4303800,495100,3859500,12925800,4215600,276600,37967800,73311400
"2016-07-29",9471700,207700,9824800,2712000,3357600,10235300,2231300,8272000,168400,1773500,1794300,4098000,1589800,2186800,2232400,7931800,2701200,9551000,349200,5768800,18517500,5684400,276000,25507500,79519400
"2016-07-28",15419800,239700,7661000,2232600,2360800,6028500,2573300,11790200,115000,435700,1912600,5308100,1836400,3211700,498900,6887600,2669100,2247400,754800,10318500,11391800,8651700,390100,28370400,65035700
"2016-07-27",39653100,1904500,5437000,3654900,2878000,11405300,1781300,7721300,125000,506000,1956400,9367200,1906500,2727900,332500,6059700,2275700,4016600,718000,7247900,10882200,3298900,351500,28954700,84083900
"2016-07-26",34145900,175800,5739400,3642300,2102000,11555500,1052700,4860100,251300,1073800,1822500,3789100,1161300,2985600,329700,4225900,1757900,3078800,952200,3137600,12143100,2443300,311700,23818200,70080500
"2016-07-25",16891900,209700,7709400,3288900,1694100,6405100,1083000,9228500,111400,943000,2100500,4099400,1262000,2777200,235800,4702200,5512000,3315200,979700,1675400,14934100,3431300,245500,24337300,55873100
"2016-07-22",8596000,317100,6299700,2302300,1580500,4792500,834000,7779200,150800,484100,1447200,2773400,1025200,2738700,191600,4017800,1873000,2213100,335400,2114700,36629100,2728100,199400,22494200,62787500
"2016-07-21",8922400,417700,6193400,2676100,1618600,5794200,1092200,6997400,190700,363200,1586600,1917600,1682300,1941200,175500,4095800,4264000,2929200,239200,1760100,17595400,3781700,382000,20343800,67777300
"2016-07-20",10580200,340700,4250500,2799500,1408500,6062000,943500,5836400,98200,333800,1943400,3171000,1755400,1538900,412800,3110500,1739200,2145600,262300,2223500,15158500,4458500,183300,26551900,58159500
"2016-07-19",13387400,195100,2543100,1957900,1495200,5817200,1398900,7056400,92000,304400,2509100,2305200,1503400,1418300,201000,2064500,985000,3145000,221800,2292400,11198400,2359700,145500,17785400,54345700
"2016-07-18",11206100,187300,2988100,2072800,1521400,5425600,853400,4724100,97200,278400,1395900,2802700,941800,1469900,137100,2847300,1219600,4427600,475500,2335100,8382500,2353900,299900,19842200,58725900
"2016-07-15",9715400,177000,2783200,1741000,1926000,5250900,1845700,3806200,206000,409700,4432400,3409300,1079700,1564200,257000,4226400,2452800,2955300,307700,3128300,8584600,2934900,139200,23656100,107155400
"2016-07-14",14462700,231200,2515900,2592600,2250900,6364100,1271600,5802500,317100,762000,2475100,2839500,1020400,1913900,386200,6340400,1818300,3578800,401600,2431800,9969200,2607600,148700,21465900,91230900
"2016-07-13",9096200,565800,3990200,3092300,2352000,6592900,1919000,8041800,327700,423800,1383900,4019900,1344600,2693200,344900,7546400,1636100,4777700,323200,3658800,11969900,3279700,195700,34345300,87324100
"2016-07-12",15465500,535700,4477700,3940800,2060400,8801300,1040400,9219700,72600,589500,1678700,4561700,1297900,2605400,235600,7138700,2416900,3433300,520100,4978400,19850100,4700400,224700,30624700,101275600
"2016-07-11",10683400,321400,3111400,2820700,1831500,5611900,740400,6800700,83500,735200,1418700,2337000,1171800,3118400,255900,2925900,1694600,4022000,537100,2536500,13810600,2948500,296500,16805900,73633900
"2016-07-08",9313500,283800,4312700,4170400,2259200,5699800,1450400,10487100,143200,555900,1618300,3259200,1532700,2615100,397500,4928000,2566400,3450800,931000,7112500,24530300,5820900,234900,21540700,133971000
"2016-07-07",6350000,269400,4924100,2587800,2572000,7558900,1701000,8338100,69600,438900,2477100,4218100,1371100,3572300,432600,6968600,1843100,4565600,569100,9247900,18712300,5478600,246500,36315500,85593800
"2016-07-06",5382400,427300,3299900,2036800,2949100,6966500,1585000,8346500,61900,269900,1705900,3065100,1157200,4268800,288700,8057200,2783300,7431700,645000,6471300,16457200,3912700,253200,17436200,96021500
"2016-07-05",8224300,258800,4296400,3399500,2470200,6408600,1933200,7116800,87900,578900,1973900,4089100,1565900,2558600,282600,3669300,2766000,5848400,426400,6150800,21726500,8293600,263300,30162300,109803700
"2016-07-01",9278400,407700,5015500,3278700,2212300,7255300,1171200,7729300,64900,886000,1208700,3315600,1308100,1581500,262000,4132800,2438500,3591200,706600,5269400,20293100,6938400,200700,20567100,106055300
"2016-06-30",8583000,549600,5241400,5812400,3348200,6254100,1302900,12436100,576200,620400,1585100,11904700,3336400,2345200,566300,5213100,2920200,5109300,505400,4867100,26669400,4366900,819800,22048700,165021900
"2016-06-29",11704300,304800,5448100,3696400,2847700,6788500,1746300,10797300,118500,776500,2433800,3837600,2292300,2308700,464200,6754500,2669100,4817300,259100,6123800,93293200,4818300,761800,24821700,137328600
"2016-06-28",11180000,346600,5681900,3937700,5903800,8328700,1599600,8081600,79000,828200,2036600,4226900,2144700,2492900,360900,4242700,2710000,3938100,353500,4831500,16598000,4186400,600500,23383000,159382400
"2016-06-27",10924000,603600,4694900,4529500,3362700,15020900,1890400,9394900,123600,2538000,2489400,6076000,1378500,5228400,515700,7811900,5359900,5152300,505600,4437700,11682800,4489400,638600,24678900,230775800
"2016-06-24",18647500,725700,6339600,6632300,4332900,18759500,1680200,8024900,787200,6563700,2266700,4830300,2430900,11217900,1139200,8290500,9633500,7093100,1630900,6543900,21478800,4298900,418800,32784500,333444400
"2016-06-23",7841500,659800,2472300,1999500,1412600,5841200,1278200,7841200,82200,1553400,2099000,2501400,857000,1944300,483000,9025400,3367900,3299400,190000,1801100,8525000,3435400,941600,18947500,102731400
"2016-06-22",9823300,545200,3254700,1861200,1795600,6678300,1844600,5844200,109100,907800,1606300,1880500,594000,1893800,371200,34334500,4205300,3983600,322200,2414500,10225100,6003000,853300,26056700,95560500
"2016-06-21",8757300,449800,2785000,2629400,2809700,7597400,1395700,6912000,69700,1268600,1534400,2241900,1133700,1889400,440000,3181600,5176100,5243700,488200,2716800,10778300,4661100,653200,21823000,72461700
"2016-06-20",8053100,622100,3854800,2342700,4934300,9509700,1557600,5466700,111400,620400,1646600,2825300,695000,1463500,300000,3367300,2227700,3707600,476500,5388700,12358900,7421100,587700,26077300,82789600
"2016-06-17",15387400,1856700,6384400,5034700,7978000,13328500,2693800,16782000,256500,1036700,2430300,2947300,1296800,2393000,687700,5671500,2566800,7739800,389800,4469600,19218400,8458200,1084700,34921800,117055700
"2016-06-16",7994200,882100,3991600,3093100,3174000,17231400,943700,5979000,64300,1475100,1178000,4120500,1063500,2632000,303900,4227200,2110100,3418100,408000,2601200,11947200,6402600,3172000,31068700,149533100
"2016-06-15",9781200,783800,4644900,2306100,3277300,7003900,1440000,6149400,52100,905700,1699300,3637200,1296800,2010500,336700,4252400,2373000,4481900,478400,4223200,12308000,4723400,1552400,23350400,109124500
"2016-06-14",11153800,1111700,3821300,2276600,5939400,7375800,1616200,4760200,118600,1164400,2822300,2144800,1190600,2039800,450300,3914400,3281900,3799400,463100,2590800,12616700,4920900,8101000,15842400,125059300
"2016-06-13",7546600,860600,4192000,2749100,3182900,8008900,1934300,4242400,150300,966300,1456600,2338500,1803900,1883700,515700,3150800,3023500,2775400,745300,2195200,9947500,5173000,352400,18163900,117751200
"2016-06-10",12905400,1450000,4325700,2945200,2357200,8044300,2525800,5077600,87300,6819900,3105900,3635900,715800,1933900,328600,3488400,4705400,4671000,377000,2700600,15206600,6918500,153400,21021400,113829200
"2016-06-09",20794400,603400,5877900,1940800,1709000,5823500,2007300,7127500,166300,1288200,3110700,2304400,1087400,1842000,477700,3353700,1393900,4059300,417200,2067900,19032400,5311400,311300,18027700,73786900
"2016-06-08",30432700,609000,4667800,3048500,1620300,9518100,1954600,8075000,505200,819900,1992600,2690800,1131100,2759300,474000,4765700,2241100,4888000,555100,1879200,14204600,7012500,53200,26500300,66170900
"2016-06-07",9997800,806400,5806500,2799800,1911600,9766400,1929200,8602800,148800,794100,1330300,3359600,1259700,2486000,433700,3709600,2590000,5521900,776500,2168800,16242300,4857100,88100,18247700,60974800
"2016-06-06",9532200,493800,4479800,2231700,2032600,7977200,862300,9824800,124700,751500,1060400,2925300,908400,2963400,269600,4727700,2359700,6288200,627900,2525800,15254000,3583800,178000,23410200,64887000
"2016-06-03",13612400,403000,5332000,1634600,3157600,6990300,1031600,5013100,144100,198000,1044600,2079300,1002500,2107100,250600,3630300,1945300,4937200,585100,4676800,17511500,3730500,159500,19169900,101757100
"2016-06-02",9376300,433900,3600400,1394800,2248900,6622900,1530200,6468200,53700,517800,1571000,2451200,936400,2662500,408800,3845100,1563600,4189900,1019100,3119300,14363600,3658700,145400,22402100,63044700
"2016-06-01",11038200,390900,5308800,2784600,1929100,8027500,2601700,7017700,126900,349100,1460300,3284200,969100,2739900,421900,3643800,2550800,4003300,616400,3595200,16668900,4864800,271100,25553100,69936200
"2016-05-31",19062600,369200,6510800,2717700,3876800,6883100,2715400,7194500,65400,227900,1389800,2650500,1170400,2143200,394400,3668700,1795200,4745300,727100,4732100,15210500,9601300,244600,16850700,109879400
"2016-05-27",8003400,163100,4367700,2796700,1373100,5385500,1307900,7233600,68700,226800,1195800,3747200,981500,1855100,294100,3023700,1353900,2193800,463000,3158300,7917100,6079700,83300,14089100,64211200
"2016-05-26",13366100,296200,3295600,4840300,1846600,7546100,2896200,6599300,82800,311700,1557600,3399600,1135100,3102600,213400,4543700,1151200,2431500,557100,2747400,14778900,8660900,176700,21657700,55280700
"2016-05-25",12089600,432700,3625200,3850100,2055000,9777800,1162800,9932800,52800,509100,1679300,3708700,782200,3191200,542100,4522100,1336700,3505200,2975400,6268900,15074200,5001200,139800,24984100,76621400
"2016-05-24",9437500,636500,2817500,3635500,1974200,7883800,1647400,6039000,79600,789500,2828400,2311700,898100,8438200,350600,3864200,2266900,2916500,911100,5441200,11815000,3814700,242300,17092900,93537800
"2016-05-23",9380500,450700,3338900,1958300,2014900,6494600,1862000,8478800,77700,907100,1578000,2558600,1175600,2490200,534200,4126900,1741700,2773800,1201600,4335600,9429400,5064700,128400,16281100,58682600
"2016-05-20",6817500,540600,3297900,1658200,2155800,7720300,1372700,7944500,42400,376100,1527300,2743400,846400,1713700,396200,5271900,1868300,2802200,650800,3897500,14899100,3388200,146800,19220000,104990400
"2016-05-19",7671500,724300,6565600,3113700,2902100,8081000,1130700,9485900,61300,273800,1599600,3838400,851200,2562900,229300,5503400,2551300,3324600,650000,5540800,19664800,3464100,379200,21902500,115430500
"2016-05-18",11757700,1027600,6748900,2892700,3451200,9759700,1329000,8075200,89700,356400,1194000,4001400,1169900,1704100,385400,4784300,4364300,3704300,761500,4957500,12058200,5224800,238900,29425500,123493400
"2016-05-17",10820400,632900,4361300,3456500,2309800,9807600,1985300,6441400,130400,516600,1803800,4640400,1180700,3366200,414800,3489300,3049500,3975300,467700,8536800,14275800,6207400,450000,22310900,114924900
"2016-05-16",9639900,1416900,4983800,2810800,1513700,8588000,1398300,5569000,190100,986400,2137800,3339000,1188900,4172900,628200,3201800,3231800,3696200,367200,5545000,16449900,8435400,211400,26713400,77486800
"2016-05-13",9419700,235300,3843500,2637900,1723500,6731800,983200,7426300,61900,2741900,1100200,3216800,846100,2249200,862300,2900600,1952200,3372200,367400,3952600,13426000,5330700,68500,15230000,96474600
"2016-05-12",10318300,310500,3069800,2682100,2509700,9704200,1224400,8390100,73200,307400,1406800,3713000,992700,2589200,494700,3910000,2528000,3044100,454000,6446400,11559400,4348800,98500,23946400,89586300
"2016-05-11",11761600,512200,3658300,2814300,1837300,10725500,1397100,8095400,60800,120500,1735400,4455500,1309500,2056600,468400,4811600,2872600,2899900,400600,4536800,11595500,5680900,140000,29338200,81727000
"2016-05-10",13553400,354800,4799200,2036000,1702100,7598600,1313900,6141900,83800,186400,1377100,4443400,1273200,2746100,415500,2954100,2532300,3807900,186800,3677300,10089100,6531100,316600,21055100,77472200
"2016-05-09",25584400,273100,4809400,3342400,2059600,9751500,1371800,8497000,130200,437400,2020000,3164800,1589800,2714100,725400,3489100,1612600,4192100,216900,4083400,9917300,10581200,130200,22143100,74374900
"2016-05-06",19138500,490300,5618600,2644800,2379900,10078600,1544700,9167000,202000,482200,2738700,3585800,1093600,4004800,446300,3778200,2659600,4409400,329700,5599900,13823900,15568400,213700,26396700,89315000
"2016-05-05",16213400,423600,5736800,4863800,2697800,11039800,1789900,8658600,211800,224500,3277900,3638200,1713400,4412400,1029100,4605800,1499400,5860900,178900,7951800,11772900,59630200,209600,34159000,67619200
"2016-05-04",26665500,408400,6109600,3835900,3191100,18024300,2871500,8876300,177300,310900,2469300,3796400,2573400,2912400,1005100,4700400,1653500,5562800,284800,6623200,16654800,22151300,123700,24287300,92243800
"2016-05-03",35551400,474200,6052800,3426900,3919300,12722900,15006300,11723100,186900,195000,3172400,4137900,1771700,2774500,3688600,6156800,1571000,6162200,469700,6987700,19508300,2513300,127100,28412200,106422100
"2016-05-02",24984900,580800,7860700,5481600,3025200,9928100,1834200,13366700,80300,969100,2728000,3295100,1497900,3589700,751700,7532100,2387500,3659300,274200,9896300,20251200,3344500,51100,21614400,62188000
"2016-04-29",121110600,709700,8403200,8805200,4506100,17332000,1960900,13155900,100600,323200,2296800,4629200,1559900,4457200,496300,8804200,2906100,4343400,241000,13645100,21196700,6116300,121500,34802100,142424100
"2016-04-28",10321100,631000,8760600,3903000,2678200,12081400,3184100,11335900,127700,762600,2017600,7033500,1048500,2151400,864700,7548400,3325700,3181400,369300,7690100,23843600,2701500,208100,24935900,97216200
"2016-04-27",9700400,278100,9105000,5720500,3244300,14921700,2518300,12589700,112400,634200,3718600,8447400,1475200,2836300,397900,7406300,2905600,3629200,234000,11637400,25510500,3288900,271900,37920900,77329400
"2016-04-26",14121700,273900,7699700,5002700,2322600,10971400,1707500,8644600,99400,158100,1673800,4697600,1253200,2332600,377700,4339600,2551500,4089000,223700,8596400,19631400,7675600,274900,19190200,75864200
"2016-04-25",8394400,240000,12323900,4659800,2588500,11134700,1073900,8155900,114000,333600,1717200,3854400,1261800,3531400,310200,3484500,1992700,3570800,312400,7179900,23096400,3099200,178200,21975800,66166500
"2016-04-22",7125400,533400,5510800,6398100,2552400,11294700,1026600,10401000,77100,499400,1972900,5910000,1164400,2026800,246500,3473200,2077000,3706400,706900,8079400,35784900,5793100,76700,29964200,99251700
"2016-04-21",8674700,447300,5989700,6489400,3555300,14104500,1304800,11183600,137400,928800,1711900,4905000,1108800,2253900,232900,5276100,1073000,4324400,307000,8481300,21681500,5540900,216600,27139900,85695000
"2016-04-20",10675700,615500,4432000,37829200,2552000,12902400,1025600,11912600,86400,1086800,1693600,5894400,2122500,2996100,184100,4783400,1914700,3897900,336200,3334300,18436400,3311500,73300,42501200,81100300
"2016-04-19",11387100,313900,4796800,3064900,2431100,11769100,1088200,28786700,76600,1387900,1632100,4789400,1484900,2728800,293700,3691600,1923800,3566000,1199800,3473500,19359400,2685000,59600,37479900,88316100
"2016-04-18",10482600,192000,4518500,3340300,2656800,10880100,805200,22095700,89700,716000,1736900,9347800,964800,2643400,379900,3269200,1742500,4465900,601600,3678500,14684900,2699400,78200,38997500,82531000
"2016-04-15",5076900,150000,6105200,3505700,2405200,10890900,1017000,98476500,617600,237100,1170100,4578200,823300,4076500,370800,3147700,2175900,7744600,615900,4272600,16095900,3310600,157700,34981000,75761600
"2016-04-14",8606900,282100,6293400,3131900,1620000,10436500,1385300,8240000,382500,136700,1062500,3856400,1308600,2928200,367200,2702300,2730900,4891800,869000,6633800,13732600,3467700,120900,31757500,65212900
"2016-04-13",10788800,580100,6176300,2397100,1790700,13266200,1697900,11351400,107600,190400,2154000,4069600,1295800,4576000,241700,5007400,10599200,3204500,5630400,8655400,18948900,3399000,135200,42934000,96336400
"2016-04-12",8903100,742100,6140300,2452200,2776300,16470200,1346100,12586400,122300,263700,2409300,5369000,2217400,5080400,268100,4227100,3484400,6058700,1017100,55949400,27406600,4056400,57900,56664700,115350600
"2016-04-11",9352900,257600,5525000,1717700,2627600,8342400,1449200,4881100,149200,364000,1955400,3872700,1275800,3346100,300600,2994300,2565600,4547400,417800,3892500,15750000,18920400,107100,29067700,83757500
"2016-04-08",8577500,291700,5596400,2366300,2416600,9888100,1381200,7362400,249700,371200,2499500,3419700,1333100,4406700,381900,3455900,2136800,4512700,224300,4371100,13856800,1445100,77700,47156500,95040600
"2016-04-07",8880700,381100,5166700,1959000,2336400,10606900,1838500,7140100,314800,188200,1925100,3591300,1205800,3030600,401500,3016700,3793400,7256700,211900,3213300,19188400,1284300,117900,28205000,113859000
"2016-04-06",5974400,351000,6151700,2071800,4226800,12189100,1649600,8787800,119700,517500,2387500,4509800,1242600,6077200,253200,3802300,1066400,8792500,360100,3179000,15896700,2565900,213900,45696600,91839800
"2016-04-05",5141700,407200,7657900,2132000,7976200,10035400,1463800,7662200,74700,316700,2586200,3202500,2038500,15530400,239400,4815800,1695400,13579900,601900,4328600,17874700,1526700,99400,42668400,99662200
"2016-04-04",5541300,512500,6589400,2545600,2013700,8820200,1145100,6664300,144700,892100,1913700,3484200,1463800,1650900,371900,3528200,2701800,3662800,491000,3289900,23401900,1501700,126000,38727100,63497000
"2016-04-01",6937000,512000,5176800,2358500,2347700,15199900,1268300,11640900,162900,185400,2194900,3415400,2577600,2078800,377100,3836600,1992500,3277400,314200,3809900,15694200,1423900,112800,40266100,114423500
"2016-03-31",10129200,636700,6860100,4431100,2717800,11418900,1354000,8736600,112900,174000,2632400,4264400,2820500,1694000,364600,6119000,2136600,3576500,399300,6571700,13028200,1927900,102800,32692400,94584100
"2016-03-30",8144500,528500,4798500,3477200,1958600,10610500,1506800,12190200,227000,251100,1988700,3270200,2476100,2711100,258600,4562100,1924500,2722400,393400,8896600,13043100,1315600,129900,36954600,86365300
"2016-03-29",8910700,1125000,4779600,3145200,2752800,12580000,2000900,51307600,192500,293300,3755900,4434900,1830100,2140500,723700,4159600,2334800,3578100,349800,2975400,18379400,1739100,155900,34974600,92922900
"2016-03-28",6880400,662900,5571600,1793900,1977000,9698900,1500900,8079500,107800,281900,2239900,3845300,1155100,1636100,600400,3345100,1239900,2609700,405000,3146400,8697000,1175000,71000,27248100,62408200
"2016-03-24",9782600,6348200,5672800,2776900,1594600,12753400,1887500,5397100,355700,323500,2128000,4212300,1980600,2023400,200600,3696100,1282600,4499200,1111000,2721800,10038400,2434300,119400,50576300,84360900
"2016-03-23",6416200,343700,5256500,2526800,1828700,14814600,1113400,6452100,126000,702700,3131600,4246500,1862700,1846100,279600,3404000,1043500,2393600,498800,2378900,9892100,1959300,68200,40194200,81052500
"2016-03-22",5242000,228900,5288200,1981900,3009400,10769100,1002200,4908800,156200,563600,2192500,3329400,1055500,1652100,271100,3672700,1473100,3973300,523500,2949900,12597200,1407000,151100,28287400,97471900
"2016-03-21",7011800,329700,7292600,3067400,2450600,13667600,1406400,4809000,319500,198400,3047200,4672000,1873700,1504400,254300,3309700,1751700,3121900,198500,2653400,11381700,1505800,91300,34995300,72926700
"2016-03-18",16142500,6281100,9133400,4083200,4697600,26829400,2607100,14510100,291100,305100,4729200,7381900,3070000,3075500,661100,8813100,1939000,12421500,245400,6391700,30901100,6917700,210300,38919600,138372400
"2016-03-17",13923300,961200,6494800,3029100,3286500,17461800,1177600,8533800,298300,206500,3464100,5931400,1919000,2441600,655800,5048100,1793600,4587000,134900,5916800,21251600,2474600,254800,41070700,134278500
"2016-03-16",9113600,815800,6480800,2492400,2903000,15702000,2207900,8663400,182800,431900,4171500,4016900,1741500,2264100,383100,5480200,3135500,4029300,54300,3706900,15321200,2171300,131500,38311700,129303200
"2016-03-15",7874400,820400,5829600,2066500,2094800,12384600,1242100,6607900,193500,135400,3196300,3496400,1189500,2057700,298400,5413500,1397200,5149000,82200,1946800,16661600,1884600,196400,35471100,93169100
"2016-03-14",7621600,1042200,5385600,3170700,1862600,12254800,1377300,7780800,291200,254700,2569100,4332600,1102500,1682300,450100,6173400,998200,5114300,85600,3164400,14838700,1824900,266900,37316700,73612000
"2016-03-11",11644300,1595400,5833000,3896800,1880100,19564400,1626800,7636800,1093300,337700,6045700,7686200,2378600,3059400,1009300,6604000,1562100,5435700,95700,3164000,19299700,1815900,291800,28144000,137964500
"2016-03-10",14420100,636300,12204300,3678800,2181900,18353900,1855800,13979600,115200,320800,21512000,5524200,2144200,2096200,336600,8335100,1663900,8385500,176200,4163000,22519800,2378200,99400,33089600,156838700
"2016-03-09",8306700,233000,22277900,5657300,2312400,14397800,1617800,12649700,99100,481600,3963400,4652700,2279500,3330700,582700,10502100,2176400,5731400,149600,5175100,22215200,2736600,207800,43985300,94801200
"2016-03-08",11277200,205300,8914100,4663000,3067600,16059700,2514500,15890800,171200,285200,4153700,5907300,7385100,3251200,668800,12879100,2414300,6959200,146400,5833900,27637300,4186100,204300,45700500,123974900
"2016-03-07",13566100,292200,12308700,5073100,2382500,21885000,4405200,15342000,293900,326200,4121500,8473500,3238500,7055800,589800,11204500,2267500,6370100,115700,4826700,38236100,3721300,141300,67097200,100219000
"2016-03-04",18957100,331100,10682000,23180600,2772700,21258900,5739400,22046500,73200,485700,4614400,7051900,2461400,5428700,743600,10966700,3225600,5743600,383600,5004800,46801500,4037000,359300,48973800,129293600
"2016-03-03",23724800,187200,10157200,5133200,3726400,17474400,2545200,15892600,860900,220500,3358700,5752600,2456300,5474700,1994700,18294500,2317900,6190500,95100,4705300,43384900,1742000,232800,34373900,95172200
"2016-03-02",16611300,193000,9646400,2001600,4450600,20265900,1807000,11709700,352600,444500,2777500,5048300,1662900,3353800,279500,15038300,2852900,3997000,217000,7553800,34072700,2199000,283100,49507900,102415000
"2016-03-01",5373200,202300,11277400,2244900,2510000,22698700,2054900,11301700,585600,663100,2676900,5232300,1806300,3831300,359700,15409900,8091800,4782700,222600,8389500,21615100,1816100,135500,47605400,141799700
"2016-02-29",7667100,255000,13897400,3290400,3622000,17878000,2878200,22879200,257800,602000,2923500,6697300,1399000,3028300,363500,43777700,5963800,6519600,202900,11153300,25981500,3382500,212500,50604400,125918100
"2016-02-26",5657300,297500,10950100,2103400,2800500,24943100,1756000,14314800,203300,719000,2745800,5549300,1146200,3085600,563700,7022700,12105800,3337500,91200,4038800,57151100,2000700,277100,58799400,129833700
"2016-02-25",4261700,142600,12465500,1806500,2114900,16421600,2093000,15456600,80000,139000,4759000,4257300,2186900,4975200,917400,7928900,1283500,4045200,93800,8504400,16897800,2163400,360200,39506700,110728300
"2016-02-24",5492600,176500,14559000,1425500,3482700,17820900,2285700,13500600,44900,253100,2261800,4909000,1854600,2270600,308200,4472000,2010700,5080200,143300,8139500,24126000,1496600,229100,48189900,150812200
"2016-02-23",3626700,128700,76176600,2327200,2559200,19387700,3650800,7011000,61400,196000,3838300,5151400,1698100,2191200,224300,5483200,1706100,5073100,136800,9229700,16140500,1940900,183600,62427200,111455300
"2016-02-22",4184900,542900,9209700,2298400,2529900,24330200,2955700,8216700,183400,396500,2852900,5400700,2121500,3451200,222700,4815500,2232200,6501500,112100,5663700,11728700,1944400,195300,53972100,103640300
"2016-02-19",2694000,158000,11493800,2314300,4156600,33916500,8707700,7112400,106300,337900,2882600,6160300,1757100,2417400,143200,6221900,1573400,6091200,228600,7481300,33705700,1329800,377100,47562600,114793000
"2016-02-18",4171000,228400,9190800,1751200,6190800,97177500,1287400,9360600,133600,208700,5191300,7996700,1436900,2707500,149700,5222900,3104200,6539400,215200,8344300,20475800,1943000,275400,55390100,102343000
"2016-02-17",8068100,625800,6714800,3261200,2584000,30662900,1836000,8352100,82900,415500,3081500,7811600,1839200,3380900,222800,5225500,5243800,6470400,119200,8041200,20467600,2184800,802200,60273400,136009500
"2016-02-16",3635800,221900,8950000,2199000,2385500,13772500,1866000,5428300,50300,580000,2275100,6583500,2467200,2469700,214300,5006100,3060100,8277300,222000,7027400,18446100,1460300,220900,48950000,120250700
"2016-02-12",5918200,237300,7248400,1177600,2942500,19887100,1117000,10442800,91100,792100,1649700,12408000,1857800,3368900,276900,4242900,2629300,5421100,278100,8923900,13930300,1769900,221700,67907200,127632400
"2016-02-11",4370000,534600,8201900,2820800,2868700,15209000,1677500,9491300,50500,728100,1991500,9707200,2977300,3018500,276800,4793000,5571600,8152700,126700,7276100,18761900,2832800,509400,95990700,219058900
"2016-02-10",4848100,545700,8300400,1307500,3266600,9868600,1944700,6877500,66100,794400,1594700,9993900,1097800,1712100,338900,4046300,7466800,8177100,110900,8438600,10615300,2168300,575800,64182800,148214100
"2016-02-09",5628200,406300,12782100,2122500,4020500,8871100,2289100,7842300,84700,1704300,2641000,8910000,1921800,2795900,501100,4845600,6806700,9486600,182100,5698600,17908100,2784200,586700,57812400,184513100
"2016-02-08",3008000,301600,13119600,2202400,5684700,9304900,2597600,7910800,88900,793800,4001700,14543500,2984100,3168600,294800,5155600,6680000,11090000,236800,7998600,29740900,3287900,308000,38298300,191526700
"2016-02-05",5037400,242200,8257900,2987000,3758900,9510100,2419300,11214900,208700,830800,2933700,40193500,3616000,4354500,258000,4842900,4617900,8814200,202400,5609000,21850300,3224300,137200,34847600,180788300
"2016-02-04",7299300,118400,10800800,3270900,4016100,11744100,4907300,9911500,61000,569800,3446100,10121600,2920400,3665500,181200,4879300,2267700,9923300,158600,4383100,17355200,2896000,298800,44985200,139531800
"2016-02-03",6790500,136700,9322800,2481100,5527100,12323100,3115900,7321300,108000,647100,2902000,10059700,2903800,2067300,405700,5120800,2464600,10445700,197900,4055500,17250900,1835500,344100,72246300,205054900
"2016-02-02",3475100,184300,15546800,2974200,6008700,7786100,3206900,7244900,75600,658600,3673100,7280400,1370600,1560400,244000,4756100,1926100,7633400,154400,3798100,19304900,1721000,796700,44437500,182564900
"2016-02-01",4459900,173400,9388000,3148200,10798600,8310500,3564600,8014600,171700,1244700,3248300,6180900,1450900,2911500,397600,4181000,2009600,8574000,232600,3646200,14403000,1976700,613300,48889800,136061600
"2016-01-29",4950200,185300,9220300,2690400,3498500,11270900,2241300,10388900,110000,797400,3012100,8134500,1602200,4295000,319300,5073900,1828500,8887200,329100,6923800,22569500,4916600,493100,47209700,210529300
"2016-01-28",3808000,87600,12925200,2241400,3579600,11272800,2136200,7465200,68800,440500,2708300,9889000,1928500,4649000,380300,4248200,3167600,7671100,253900,11254400,14844300,4116200,313100,66151100,143798800
"2016-01-27",7516000,67000,8959100,2175900,2320200,10952700,2119100,8538900,164300,211100,2948000,11428700,1427400,3070700,222200,4608100,1950900,9691400,295100,7684900,19788200,3963500,224300,71429700,185681700
"2016-01-26",8908600,224400,6170300,2528000,2075500,7529800,2458000,11200200,68800,158100,3026500,8791100,1652800,1964600,230700,3559900,1990400,9397800,177900,3613400,10903600,5225600,337900,51444800,141036800
"2016-01-25",4408600,357300,12120500,1746500,2287300,10370000,2412800,9318500,178900,502800,2945100,10090500,1863800,2339500,240500,4879200,2044200,9115500,174300,3198100,16055900,5260100,551500,55479000,130371700
"2016-01-22",4811700,304300,11941000,4578800,2118000,14612300,3849000,10926700,204800,498000,3950500,7601000,2990200,3004800,331000,5288800,2126500,12094800,197500,6896300,25657600,14412900,787000,62556200,168319600
"2016-01-21",3656800,528200,14184300,4263400,2268700,10875600,4510700,8132200,102900,190800,3813400,7468600,2321800,2512500,455500,10475600,2424800,10667500,317300,6303500,27239900,4199300,890100,87217400,195772900
"2016-01-20",6932800,635400,13646200,6641100,3773800,18600900,2841500,11812600,172600,879700,3262600,10518900,3958900,4640400,440500,6652600,4367200,14834500,308600,7466200,22418600,4534400,1230800,83215600,286547800
"2016-01-19",5528900,396800,11946100,1932100,3037000,9417700,2238900,8210300,147200,352200,2890900,6149500,1762300,2370000,363900,5736600,3467600,8811900,295300,7059300,19733700,2824400,393800,60322600,195244400
"2016-01-15",7843500,167300,9172200,1814000,3964200,9673400,1911800,5773300,116700,836400,3086700,6923600,2214700,4169500,412600,5443100,2935300,10061600,303900,9593000,19395300,4074900,421800,92820900,324846400
"2016-01-14",5940100,330600,9906800,2298700,3265900,8580900,2401700,8296600,229700,361400,3135000,7968400,3078300,3717700,254700,4430900,2077000,14718900,391100,5829100,24455200,5418200,567200,47627300,240795600
"2016-01-13",7968200,441900,10984300,2841700,3646500,11457100,2737500,10183700,92900,505200,3547800,7043000,2607400,1959300,247900,5674700,1967100,9474500,418900,4151000,23174400,3800300,578800,100555700,221168900
"2016-01-12",8375500,255200,10973900,2161900,4318300,14152100,2875300,10175300,100400,667900,3691700,6291100,2677800,3597700,337900,4268800,2041300,8001600,756100,5633700,27794100,6681100,307900,102085300,172330500
"2016-01-11",7810700,434800,13468500,4029300,3989700,10329800,4065900,8532400,252600,849000,3646300,6021500,2411900,2452600,377800,4735200,1244600,8471900,292200,3053800,19399900,2513300,440500,82280400,187941300
"2016-01-08",5243200,208100,9737100,2159500,5391500,8160500,3321200,6152600,128000,686500,2336600,3851900,4119800,2510700,339100,5748400,1349000,7103100,424300,3994700,16793500,6129000,241400,44688400,209817200
"2016-01-07",7076900,187900,8536800,2137800,4011800,11164900,2818400,10594500,153400,654900,3096600,4562900,1944100,3124600,168100,6387800,1595600,7394500,823100,4107700,21614400,2722000,214800,51997700,213436100
"2016-01-06",9103300,294800,10378100,1997400,2670700,7777700,2056100,14343700,153600,545100,2679600,7968400,1872500,2945600,436800,4612500,2717700,7235500,703400,2642300,29471800,2338600,270900,73087100,152112600
"2016-01-05",5589300,205800,11622200,1882900,2476000,6258100,1492800,6941000,121700,1190200,1745500,3143500,1748700,2893200,307800,3652200,5918300,9076200,574000,3795100,24616500,1856000,265300,32173600,110845800
"2016-01-04",6235400,257100,8618100,2187200,3896700,6770300,2262800,6917800,165700,1300000,3462400,3273600,1359600,2920600,367000,5057700,3148600,7733600,395200,2820000,27031600,1676800,215300,36236700,222353500
"2015-12-31",4737100,309300,4892800,1402700,2119200,4454100,1219700,3781800,101200,294500,2159300,2394700,1179000,3051300,357200,3435400,788500,4734800,250300,2649100,15863700,1372300,324100,30362300,114877900
"2015-12-30",6374400,272900,5881000,1398000,1634900,5265500,1431400,3353500,62500,312900,2889200,1932300,1063700,2058300,182400,2813200,856900,7750800,183800,1356100,15538200,1562100,267700,24796400,63317700
"2015-12-29",3922100,653900,6643500,1097300,1960500,5476400,1935800,3240000,88600,749400,3493900,1893500,846700,1552100,311100,2286800,1101000,5591300,165600,3593500,22169200,2099800,318800,23585200,92640700
"2015-12-28",3965800,498100,8086800,1182000,1807900,4816600,1774000,4117900,41400,918800,2093400,2298600,846100,1265200,585900,2763500,1262300,4637000,226400,3269100,19122400,1054800,323300,20495900,65899900
"2015-12-24",2868800,148500,4288400,931000,738400,3816900,904600,2713100,16100,380000,751500,1147100,421400,658100,50200,1959500,335300,2722900,90800,1019100,8183300,442600,237500,19038100,48542200
"2015-12-23",8122500,810600,9987100,2049500,2334700,10280800,1773900,8584000,34600,864200,2857800,3910500,1517400,1889900,126200,3470600,1384400,9529900,262200,3419300,24288000,1675900,398000,39354100,110987200
"2015-12-22",6673000,841200,6525200,2739600,1935800,8734100,2192800,7457700,99000,450500,1894100,3320200,1463500,3104500,179700,3966900,1700300,7919700,226500,3107800,20290200,1459300,395800,21942200,111026200
"2015-12-21",5550900,833100,14996100,4292700,2448800,7462700,2307300,7837000,111600,698100,3559800,5436300,1838700,4372000,209000,6367800,1191300,7995800,522300,2264700,28820800,3328400,470700,26532400,99094300
"2015-12-18",8679000,1523000,17859600,4980700,4921400,9366500,3455600,11423800,239200,968000,3634400,5523600,2502500,3737300,1846000,4639300,4837400,17511100,298200,5503600,39690100,6265000,292800,37112500,251393500
"2015-12-17",7011500,824400,10817000,2812900,2785500,15841400,2693800,5834200,86800,335800,3964400,4490000,2050300,4014600,527500,4719100,1427800,8707600,232100,3346500,18990600,3295200,426600,30064600,173092500
"2015-12-16",3799100,1081600,12689400,2459400,3215300,8350500,2700500,5618000,150700,447300,2776200,4409000,2100500,3981500,302400,3985800,1900500,7412100,240200,3219600,27835700,2689700,1040700,36387300,197017000
"2015-12-15",3873600,850700,13533300,2672400,2279300,7796000,3438100,9205400,133200,1970600,2090800,4095000,1081600,3896700,343000,5167100,1451700,7569000,257800,5016600,28801700,2776400,479400,35892100,154069600
"2015-12-14",4338300,1027300,9549300,1954200,2633100,11006400,2524000,7027300,75200,1335200,3180100,4079200,1421900,4513400,416200,5805300,1548200,9936400,222500,4455800,34611000,2560100,521100,39148200,182385200
"2015-12-11",5169000,720900,7928500,1923300,2105200,5925400,2567200,6518600,97700,1568400,2686100,4142200,1158800,4562600,309300,4309500,1670100,8220600,241900,3066200,31456600,1819500,403900,44460900,211173300
"2015-12-10",10280400,788400,5147500,3149700,1961000,6799700,2723000,5138500,57300,251700,1731000,3718700,1117200,11905800,151200,3099100,1206800,9930200,207500,2416300,13298000,1748600,379300,33745900,116128900
"2015-12-09",6889400,1075600,10066500,2120900,2855200,7916100,4377800,6291200,62400,259100,1722000,3336000,1529400,2042200,179200,4014000,1554800,13271700,146700,3604500,16906400,1440300,396400,38871100,162401500
"2015-12-08",7390200,878900,10015000,1786300,2956900,13144200,3509800,5545200,98900,411000,1829100,3666000,1595600,2974100,234800,3289000,1371700,14391800,200900,2789100,26908800,2007200,203600,39573700,103372400
"2015-12-07",7206800,924500,10307700,2714200,2880900,11420200,2175100,6521900,180600,940100,3094900,4956800,1852100,3436500,120300,4111400,1869600,14926900,211600,4253300,17867700,2004600,575500,53326400,102027100
"2015-12-04",7898500,943100,6483700,2436000,2827400,5912400,2046600,6801800,249100,734700,1904400,4964600,1219400,2367900,178800,3621100,1229200,8858200,212100,2880400,20865300,1804700,382500,41884500,192913900
"2015-12-03",7413100,951600,8860300,2047800,2918600,9820800,1489400,5655800,343000,602200,1989700,5252200,754800,1812500,280100,3256200,1982500,7991100,245600,2719700,21281600,1251500,443200,35997400,166224200
"2015-12-02",5559900,956300,7453400,2684300,2609200,4784000,2025800,5303100,259100,676300,2152100,3292700,1277000,2889900,260500,3898600,1220600,5916100,147600,4301100,18052600,2101000,410300,52543800,108441300
"2015-12-01",4051000,118400,5837500,1360600,2284800,3805200,1617200,5184100,287400,399300,1744400,2215700,818800,2326700,169100,2472700,1718400,6838200,297400,5316900,12322600,1113700,263300,19658700,97858400
"2015-11-30",3431600,146600,5618800,1688800,2550000,4405700,1508800,5065600,64800,243600,1619200,2273300,847000,2115300,228500,3505100,9981500,9227400,362800,4492700,21884600,1116300,174200,22160200,112822700
"2015-11-27",1683500,24100,2693800,1121300,824800,1170200,503900,1992800,23600,81700,708600,995600,434500,686700,126100,1045200,1291300,1629600,91100,1218800,7322700,336900,81300,10619600,37317800
"2015-11-25",5121700,164800,5516300,1791000,1364600,2294400,1365700,4771900,58000,164700,1666200,2001500,790300,1653400,85600,2912500,2394000,2739400,149900,1983300,8071100,1021600,204900,27117000,51980100
"2015-11-24",7009800,313300,9647000,3397300,1997900,3128000,1797200,4859700,85200,176700,3123800,2771500,1235400,2302700,205700,4093100,3108400,4119000,270000,2539700,15306600,958700,303800,25560200,98874400
"2015-11-23",7466300,291900,6439700,2127000,2079100,3055200,1432500,3374700,67600,208200,2936900,2097100,1780900,1667600,193900,2052800,1864400,4177500,364600,1980900,17285500,1037700,301900,29045200,64931200
"2015-11-20",6299500,159900,3577400,1860600,2918200,3969500,1379600,4044400,42700,209300,3724300,3401500,796900,1414900,167400,2001200,1337400,3820100,775300,2762700,15908500,1091600,234500,37776200,94011500
"2015-11-19",3249800,111500,2813600,2477900,1743600,3657400,1052200,5180600,31200,113800,1797200,2059200,1285400,1949000,220000,3202900,1608300,3739300,391400,2107200,16124600,1090800,270600,22457200,88220500
"2015-11-18",5409400,203100,4897500,2385300,2119200,3163400,2291200,6234500,166300,366700,2550200,2329100,921100,2219300,202100,3060300,1866700,4425600,291500,3572300,13712500,910500,185200,24754800,121342500
"2015-11-17",6020900,294400,6638500,1740400,2017800,3767100,2144400,5280200,155900,365400,2047500,2501100,1158600,1950500,363200,2095200,1805000,5405200,868400,2076000,16905500,960600,241600,22978800,121123700
"2015-11-16",5143800,244900,6209300,2946500,2454700,3911700,1461000,4917100,104600,361100,1610300,2414600,1388900,2400100,130600,1685700,2326500,5037300,255100,4656300,12968800,775000,176200,37787400,117645200
"2015-11-13",4498900,512400,5226200,3100100,2739100,5084900,992800,7138200,139200,653000,1210400,2179400,1264200,2642200,114000,2897600,3416800,4166800,638300,8252200,14569900,1206400,358200,34583500,153577100
"2015-11-12",3645300,349400,4032000,3763400,2380600,6082600,1265100,6268500,40800,148100,1517000,2747300,973700,2903900,114600,2711900,1979200,5667200,327900,1837400,15302200,1522500,192300,33567000,121315200
"2015-11-11",5084200,284200,7111500,6045100,1529400,4244200,1232700,5524400,76900,186000,1486100,3459900,1355000,2218000,169500,2555000,1657500,4877200,343400,1925500,16369700,1655200,409200,24154300,67846000
"2015-11-10",3644200,266500,4811300,18166400,2067000,5134400,1573800,5075000,73900,256800,1699200,2415400,1145100,2421200,165900,2895400,1902700,4586400,176100,3516800,12947200,933200,192800,15887800,75874600
"2015-11-09",3893100,259600,4243000,2497100,2458900,5301100,1298200,6597700,48700,325300,1494200,3114100,1145400,3093800,183900,2171800,2243100,4396900,235400,4881000,11960600,1398000,88200,22257700,131008700
"2015-11-06",4528800,384100,4929400,1828800,2883200,5704300,1178600,6243400,68400,281400,1843500,3044000,1523600,2548400,359100,2868400,3270200,5246600,375300,8318700,16527200,1322800,216400,22399700,110471500
"2015-11-05",6560100,540400,4827400,3242800,1595400,6390800,1775400,7494500,298100,236200,4027400,7542400,1931800,3004900,209200,2527300,9785700,5807700,435100,5720400,13040900,1466600,213600,26139000,78408700
"2015-11-04",8999900,687400,6828100,1756800,2375300,9572500,2117600,6697100,64600,510700,2106800,3905900,1209400,3537200,318800,2519500,1641400,5681300,249500,4029200,12545900,1180700,184900,25783000,96224500
"2015-11-03",16691100,290800,4435800,3561800,2710500,6572500,2389400,7565000,101400,352900,2478600,2945500,1546800,3350800,472200,2519800,1420800,5625100,210400,3179700,11947200,1399600,229000,36340300,95246100
"2015-11-02",8820700,534500,4495600,2492800,3052600,5430000,1426400,8015200,100000,603200,2138600,2984000,1360600,2155000,330600,3846600,1468600,3443400,228000,3335300,12683500,754300,323800,16075600,86270800
"2015-10-30",7632800,210100,7645200,1736900,2937600,5756500,2115900,6789000,122000,642700,1431900,3721600,1168300,2148200,289300,5124500,1567900,3714300,233400,3128700,13333100,819500,195900,19322300,131076900
"2015-10-29",5973100,276900,6022300,2315500,2861100,5636400,1853800,7580500,73500,581900,1071000,4218700,1836400,1767300,143400,5213500,3792100,2767000,173600,2179100,9053900,1122300,231100,21993700,90525500
"2015-10-28",10348600,258300,8273400,2502700,2160600,6544700,3411500,7372300,68000,482100,1816400,7166700,1511700,1709700,209000,4117200,1721500,5361900,375200,4136900,13516600,1341100,331400,48935900,135906700
"2015-10-27",8650000,598700,9717400,2033100,2262900,5464000,4462300,5675400,161700,1614100,2132100,4287200,1391800,2815600,321500,2961900,1590800,5421100,239200,2406100,14082400,1795300,285400,26384900,77905800
"2015-10-26",11450200,224900,8264100,1734900,2048400,3984500,2246100,5465700,126700,1415000,2366800,2256600,1515600,1933900,169700,3167100,1089500,3812500,373900,2678300,15816500,1584800,254200,21154500,69033000
"2015-10-23",4013700,516700,11113700,2914100,2154700,3300300,3675700,6471900,143100,901800,1802800,2159900,1630900,1830300,184700,2669200,926000,4160000,487900,1724000,25464700,1591200,187300,26774800,144442300
"2015-10-22",5465100,542400,6676600,3158200,2089900,4389200,3859000,4870300,43000,1316800,1808100,2721100,1099500,1339500,590800,3747800,970900,6836900,757100,4125700,17882500,1664300,445500,16625200,174911700
"2015-10-21",5694600,256900,4571600,2938100,2358200,6868500,1813000,5200400,35600,391700,1265100,1738500,941200,1030600,457000,3034000,1000200,4754300,118700,4443800,11870600,1263100,105100,26555000,102038000
"2015-10-20",4255300,113800,4519300,2527400,2308800,2997200,1072000,5565600,57800,1731100,1040200,3065200,1131100,2010300,139100,2656100,1474900,3175900,310300,3072000,10792400,1107300,163400,20257700,78448500
"2015-10-19",5178400,483900,4988800,2052700,1898600,4345200,1273400,4150500,48500,722500,1274000,2408000,1431200,1978000,135400,2519900,907200,3708900,366200,3168200,10626100,1466800,137100,21189800,76523900
"2015-10-16",4990400,464900,6281000,1815500,2018900,5118700,1110200,5988800,150600,261700,1327700,2151900,1212600,1908300,358800,2632800,938900,3793300,397900,3378000,11621900,1881900,182700,22381000,109692900
